page,imageRUID
1,c331bce4aab54f99954a14d0e7c306a7
2,2c3e89bcb3424df7b8096a2ed10a635f
3,2e9375219d1a49b797c82b6f90cef52f
4,b6e499b454164a498927c85bbfc1706d
5,9343bd08314a4f148a6dab68adb0b9a2
6,4cae93aceea04da3b3fb055b45dc6910
7,b13add11791d49da9c29af5b590e78fd
8,5c949ad4a7254f598422654b4b0e5b56
9,6b4637631d784c1ea03cd777cbbb6f57
10,0a8583e734d442d8aead833e3e9558ca
11,db14efc9a1b84c3ebd21502568b3d802
12,b7499fab5ed44b45ba8ef511fa4b463e
13,47d54b94c7074e6dba9bc5bb6b495956
14,60db6207450e4952bbb405d5db3fe6da
15,ca62c21d041c4481994604f23326017f
16,0f03fb436ffd4f1d8cb5de71b04f609f
17,6805892b5bab49f597869901de95ad56
18,7e20338d8c9a4d9da5319d6c2d48489a
19,fbe9237bedfa4f39a8e5ed46eb447d95
